[{"pk": 1, "model": "contenttypes.contenttype", "fields": {"model": "permission", "name": "permission", "app_label": "auth"}}, {"pk": 2, "model": "contenttypes.contenttype", "fields": {"model": "group", "name": "group", "app_label": "auth"}}, {"pk": 3, "model": "contenttypes.contenttype", "fields": {"model": "user", "name": "user", "app_label": "auth"}}, {"pk": 4, "model": "contenttypes.contenttype", "fields": {"model": "contenttype", "name": "content type", "app_label": "contenttypes"}}, {"pk": 5, "model": "contenttypes.contenttype", "fields": {"model": "session", "name": "session", "app_label": "sessions"}}, {"pk": 6, "model": "contenttypes.contenttype", "fields": {"model": "site", "name": "site", "app_label": "sites"}}, {"pk": 7, "model": "contenttypes.contenttype", "fields": {"model": "logentry", "name": "log entry", "app_label": "admin"}}, {"pk": 8, "model": "contenttypes.contenttype", "fields": {"model": "migrationhistory", "name": "migration history", "app_label": "south"}}, {"pk": 9, "model": "contenttypes.contenttype", "fields": {"model": "rulepermission", "name": "rule permission", "app_label": "django_rules"}}, {"pk": 10, "model": "contenttypes.contenttype", "fields": {"model": "userprofile", "name": "user profile", "app_label": "tao"}}, {"pk": 11, "model": "contenttypes.contenttype", "fields": {"model": "globalparameter", "name": "global parameter", "app_label": "tao"}}, {"pk": 12, "model": "contenttypes.contenttype", "fields": {"model": "simulation", "name": "simulation", "app_label": "tao"}}, {"pk": 13, "model": "contenttypes.contenttype", "fields": {"model": "galaxymodel", "name": "galaxy model", "app_label": "tao"}}, {"pk": 14, "model": "contenttypes.contenttype", "fields": {"model": "dataset", "name": "data set", "app_label": "tao"}}, {"pk": 15, "model": "contenttypes.contenttype", "fields": {"model": "datasetproperty", "name": "data set property", "app_label": "tao"}}, {"pk": 16, "model": "contenttypes.contenttype", "fields": {"model": "snapshot", "name": "snapshot", "app_label": "tao"}}, {"pk": 17, "model": "contenttypes.contenttype", "fields": {"model": "stellarmodel", "name": "stellar model", "app_label": "tao"}}, {"pk": 18, "model": "contenttypes.contenttype", "fields": {"model": "job", "name": "job", "app_label": "tao"}}, {"pk": 19, "model": "contenttypes.contenttype", "fields": {"model": "bandpassfilter", "name": "band pass filter", "app_label": "tao"}}, {"pk": 20, "model": "contenttypes.contenttype", "fields": {"model": "dustmodel", "name": "dust model", "app_label": "tao"}}, {"pk": 21, "model": "contenttypes.contenttype", "fields": {"model": "user", "name": "user", "app_label": "tao"}}, {"pk": 1, "model": "sites.site", "fields": {"domain": "example.com", "name": "example.com"}}, {"pk": 1, "model": "south.migrationhistory", "fields": {"applied": "2013-06-18T01:01:01Z", "app_name": "tao", "migration": "0001_initial"}}, {"pk": 2, "model": "south.migrationhistory", "fields": {"applied": "2013-06-18T01:01:01Z", "app_name": "tao", "migration": "0002_auto__add_field_userprofile_rejected"}}, {"pk": 3, "model": "south.migrationhistory", "fields": {"applied": "2013-06-18T01:01:01Z", "app_name": "tao", "migration": "0003_auto__add_simulation"}}, {"pk": 4, "model": "south.migrationhistory", "fields": {"applied": "2013-06-18T01:01:02Z", "app_name": "tao", "migration": "0004_auto__add_job"}}, {"pk": 5, "model": "south.migrationhistory", "fields": {"applied": "2013-06-18T01:01:02Z", "app_name": "tao", "migration": "0005_auto__add_galaxymodel"}}, {"pk": 6, "model": "south.migrationhistory", "fields": {"applied": "2013-06-18T01:01:04Z", "app_name": "tao", "migration": "0006_auto__add_field_simulation_paper_title__add_field_simulation_paper_url"}}, {"pk": 7, "model": "south.migrationhistory", "fields": {"applied": "2013-06-18T01:01:05Z", "app_name": "tao", "migration": "0007_auto__add_field_galaxymodel_kind__add_field_galaxymodel_paper_title__a"}}, {"pk": 8, "model": "south.migrationhistory", "fields": {"applied": "2013-06-18T01:01:05Z", "app_name": "tao", "migration": "0008_auto__add_field_job_status__add_field_job_parameters__add_field_job_ou"}}, {"pk": 9, "model": "south.migrationhistory", "fields": {"applied": "2013-06-18T01:01:06Z", "app_name": "tao", "migration": "0009_auto__add_datasetparameter__add_dataset"}}, {"pk": 10, "model": "south.migrationhistory", "fields": {"applied": "2013-06-18T01:01:07Z", "app_name": "tao", "migration": "0010_auto__add_stellarmodel__add_unique_galaxymodel_name__add_unique_simula"}}, {"pk": 11, "model": "south.migrationhistory", "fields": {"applied": "2013-06-18T01:01:08Z", "app_name": "tao", "migration": "0011_auto__add_unique_galaxymodel_name__add_field_simulation_box_size_units"}}, {"pk": 12, "model": "south.migrationhistory", "fields": {"applied": "2013-06-18T01:01:08Z", "app_name": "tao", "migration": "0012_auto__del_field_dataset_box_size"}}, {"pk": 13, "model": "south.migrationhistory", "fields": {"applied": "2013-06-18T01:01:09Z", "app_name": "tao", "migration": "0013_add_field_stellarmodel_label__add_unique_stellarmodel_name"}}, {"pk": 14, "model": "south.migrationhistory", "fields": {"applied": "2013-06-18T01:01:09Z", "app_name": "tao", "migration": "0014_auto__add_field_dataset_min_snapshot__add_field_dataset_max_snapshot"}}, {"pk": 15, "model": "south.migrationhistory", "fields": {"applied": "2013-06-18T01:01:09Z", "app_name": "tao", "migration": "0015_auto__add_field_datasetparameter_label"}}, {"pk": 16, "model": "south.migrationhistory", "fields": {"applied": "2013-06-18T01:01:10Z", "app_name": "tao", "migration": "0016_auto__del_field_galaxymodel_simulation"}}, {"pk": 17, "model": "south.migrationhistory", "fields": {"applied": "2013-06-18T01:01:10Z", "app_name": "tao", "migration": "0017_auto__add_unique_dataset_galaxy_model_simulation"}}, {"pk": 18, "model": "south.migrationhistory", "fields": {"applied": "2013-06-18T01:01:11Z", "app_name": "tao", "migration": "0018_auto__add_snapshot"}}, {"pk": 19, "model": "south.migrationhistory", "fields": {"applied": "2013-06-18T01:01:11Z", "app_name": "tao", "migration": "0019_auto__del_field_dataset_max_snapshot__del_field_dataset_min_snapshot"}}, {"pk": 20, "model": "south.migrationhistory", "fields": {"applied": "2013-06-18T01:01:12Z", "app_name": "tao", "migration": "0020_auto__del_field_simulation_cosmological_parameters__del_field_simulati"}}, {"pk": 21, "model": "south.migrationhistory", "fields": {"applied": "2013-06-18T01:01:13Z", "app_name": "tao", "migration": "0021_auto__del_field_galaxymodel_kind__del_field_galaxymodel_paper_url__del"}}, {"pk": 22, "model": "south.migrationhistory", "fields": {"applied": "2013-06-18T01:01:14Z", "app_name": "tao", "migration": "0022_auto__del_datasetparameter__add_datasetproperty"}}, {"pk": 23, "model": "south.migrationhistory", "fields": {"applied": "2013-06-18T01:01:14Z", "app_name": "tao", "migration": "0023_auto__add_field_dataset_version__add_field_dataset_import_date__add_fi"}}, {"pk": 24, "model": "south.migrationhistory", "fields": {"applied": "2013-06-18T01:01:15Z", "app_name": "tao", "migration": "0024_auto__chg_field_snapshot_redshift"}}, {"pk": 25, "model": "south.migrationhistory", "fields": {"applied": "2013-06-18T01:01:15Z", "app_name": "tao", "migration": "0025_auto__add_field_job_database"}}, {"pk": 26, "model": "south.migrationhistory", "fields": {"applied": "2013-06-18T01:01:16Z", "app_name": "tao", "migration": "0026_auto__add_field_dataset_default_filter_field__add_field_dataset_defaul"}}, {"pk": 27, "model": "south.migrationhistory", "fields": {"applied": "2013-06-18T01:01:16Z", "app_name": "tao", "migration": "0027_auto__add_field_job_error_message"}}, {"pk": 28, "model": "south.migrationhistory", "fields": {"applied": "2013-06-18T01:01:17Z", "app_name": "tao", "migration": "0028_auto__add_bandpassfilter"}}, {"pk": 29, "model": "south.migrationhistory", "fields": {"applied": "2013-06-18T01:01:17Z", "app_name": "tao", "migration": "0029_auto__add_unique_bandpassfilter_filter_id"}}, {"pk": 30, "model": "south.migrationhistory", "fields": {"applied": "2013-06-18T01:01:18Z", "app_name": "tao", "migration": "0030_auto__del_field_bandpassfilter_dataset__add_field_bandpassfilter_descr"}}, {"pk": 31, "model": "south.migrationhistory", "fields": {"applied": "2013-06-18T01:01:18Z", "app_name": "tao", "migration": "0031_auto__add_dustmodel"}}, {"pk": 32, "model": "south.migrationhistory", "fields": {"applied": "2013-06-18T01:01:18Z", "app_name": "tao", "migration": "0032_auto__add_field_stellarmodel_description"}}, {"pk": 33, "model": "south.migrationhistory", "fields": {"applied": "2013-06-18T01:01:18Z", "app_name": "tao", "migration": "0033_auto__add_globalparameter"}}, {"pk": 34, "model": "south.migrationhistory", "fields": {"applied": "2013-06-18T01:01:19Z", "app_name": "tao", "migration": "0034_auto__add_field_bandpassfilter_group__add_field_bandpassfilter_order__"}}, {"pk": 35, "model": "south.migrationhistory", "fields": {"applied": "2013-06-18T01:01:19Z", "app_name": "tao", "migration": "0035_auto__chg_field_globalparameter_parameter_value"}}, {"pk": 36, "model": "south.migrationhistory", "fields": {"applied": "2013-06-18T01:01:19Z", "app_name": "tao", "migration": "0036_add_email_templates"}}, {"pk": 37, "model": "south.migrationhistory", "fields": {"applied": "2013-06-18T01:01:19Z", "app_name": "tao", "migration": "0037_add_maximum_random_light_cones"}}, {"pk": 38, "model": "south.migrationhistory", "fields": {"applied": "2013-06-18T01:01:19Z", "app_name": "tao", "migration": "0038_add_job_status_update_email"}}, {"pk": 39, "model": "south.migrationhistory", "fields": {"applied": "2013-06-18T01:01:20Z", "app_name": "tao", "migration": "0039_add_support_email"}}, {"pk": 40, "model": "south.migrationhistory", "fields": {"applied": "2013-06-18T01:01:20Z", "app_name": "tao", "migration": "0040_auto__add_field_simulation_order"}}, {"pk": 41, "model": "south.migrationhistory", "fields": {"applied": "2013-06-18T01:01:20Z", "app_name": "tao", "migration": "0041_add_global_parameter_initial_job_state"}}, {"pk": 42, "model": "south.migrationhistory", "fields": {"applied": "2013-06-18T01:01:20Z", "app_name": "django_extensions", "migration": "0001_empty"}}, {"pk": 14, "model": "tao.globalparameter", "fields": {"parameter_value": "10", "description": "Maximum number of random light-cones", "parameter_name": "maximum-random-light-cones"}}, {"pk": 15, "model": "tao.globalparameter", "fields": {"parameter_value": "Hello {{ title }} {{ first_name }} {{ last_name }}.\n\nWelcome to ASVO TAO. Your account has been activated and you may sign-in.\n\n<a href=\"{{ login_url }}\">{{ login_url }}</a>\n", "description": "Template for approve email, html version.U", "parameter_name": "approve.html"}}, {"pk": 16, "model": "tao.globalparameter", "fields": {"parameter_value": "Hello {{ title }} {{ first_name }} {{ last_name }}.\n\nWelcome to ASVO TAO. Your account has been activated and you may sign-in.\n\n{{ login_url }}", "description": "Template for approve email, text version", "parameter_name": "approve.txt"}}, {"pk": 17, "model": "tao.globalparameter", "fields": {"parameter_value": "A new user has registered on TAO\n\nGo to this url to view the currently pending requests: <a href=\"{{ pending_requests_url }}\">{{ pending_requests_url }}</a>", "description": "Template for registration email, html version.", "parameter_name": "registration.html"}}, {"pk": 18, "model": "tao.globalparameter", "fields": {"parameter_value": "A new user has registered on TAO\n\nVisit {{ pending_requests_url }} to approve or reject.\n", "description": "Template for registration email, text version.", "parameter_name": "registration.txt"}}, {"pk": 19, "model": "tao.globalparameter", "fields": {"parameter_value": "Hello {{ title }} {{ first_name }} {{ last_name }}.\n\nYou have been rejected from using the ASVO-TAO system.\n\nReason:\n{{ reason }}", "description": "Template for reject email, html version.", "parameter_name": "reject.html"}}, {"pk": 20, "model": "tao.globalparameter", "fields": {"parameter_value": "Hello {{ title }} {{ first_name }} {{ last_name }}.\n\nYou have been rejected from using the ASVO-TAO system.\n\nReason:\n{{ reason }}", "description": "Template for reject email, text version.", "parameter_name": "reject.txt"}}, {"pk": 21, "model": "tao.globalparameter", "fields": {"parameter_value": "<p>Dear {{ user.username }},</p>\r\n\r\n<p>Your <a href=\"http://tao.asvo.org.au/taodemo/jobs/{{ job.id }}\">TAO Job {{ job.id }}</a> has successfully completed.</p>", "description": "Template for job status update, html version. Use {{ user }} and {{ job }} template variables", "parameter_name": "job-status.html"}}, {"pk": 22, "model": "tao.globalparameter", "fields": {"parameter_value": "Dear {{ user.username }},\r\n\r\nYour TAO Job {{ job.id }} has completed.\r\n\r\nPlease view your job at: http://tao.asvo.org.au/taodemo/jobs/{{ job.id }}", "description": "Template for job status update, text version. Use {{ user }} and {{ job }} template variables", "parameter_name": "job-status.txt"}}, {"pk": 23, "model": "tao.globalparameter", "fields": {"parameter_value": "<p><strong>User:</strong> {{ user.username }}</p>\r\n\r\n{{ message }}", "description": "Template for support emails, html version. Use {{ user }} and {{ message }} template variables", "parameter_name": "support-template.html"}}, {"pk": 24, "model": "tao.globalparameter", "fields": {"parameter_value": "User: {{ user.username }}\r\n\r\n{{ message }}", "description": "Template for support emails, text version. Use {{ user }}, {{ subject }} & {{ message }} template variables", "parameter_name": "support-template.txt"}}, {"pk": 25, "model": "tao.globalparameter", "fields": {"parameter_value": "alistair@intersect.org.au, dcroton@astro.swin.edu.au", "description": "List of recipients to send support emails", "parameter_name": "support-recipients"}}, {"pk": 1, "model": "tao.simulation", "fields": {"box_size": "500.000", "details": "Paper: <a href=\"http://arxiv.org/abs/astro-ph/0504097\">Springel et al. 2005</a><br/>\r\nExternal Link: <a href=\"http://www.mpa-garching.mpg.de/galform/millennium/\">Simulating the joint evolution of quasars, galaxies and their large-scale distribution</a><br/>\r\nCosmology: WMAP-1<br/>\r\nCosmological parameters: \u03a9m = 0.25, \u03a9b = 0.045, h = 0.73, \u03a9\u039b = 0.75, n = 1, \u03c38 = 0.9<br/>\r\nBox size: 500 Mpc/h<br/>\r\nWeb site: <a href=\"http://www.mpa-garching.mpg.de/millennium/\">Public release of a VO-oriented and SQL-queryable database for studying the evolution of galaxies in the \u039bCDM cosmogony</a>", "order": 0, "name": "Millennium", "box_size_units": "Mpc/h"}}, {"pk": 2, "model": "tao.simulation", "fields": {"box_size": "62.500", "details": "Paper: <a href=\"http://arxiv.org/abs/astro-ph/0504097\">Springel et al. 2005</a><br/>\r\nExternal Link: <a href=\"http://www.mpa-garching.mpg.de/galform/millennium/\">Simulating the joint evolution of quasars, galaxies and their large-scale distribution</a><br/>\r\nCosmology: WMAP-1<br/>\r\nCosmological parameters: \u03a9m = 0.25, \u03a9b = 0.045, h = 0.73, \u03a9\u039b = 0.75, n = 1, \u03c38 = 0.9<br/>\r\nBox size: 62.5 Mpc/h<br/>\r\nWeb site: <a href=\"http://www.mpa-garching.mpg.de/millennium/\">Public release of a VO-oriented and SQL-queryable database for studying the evolution of galaxies in the \u039bCDM cosmogony</a>", "order": 0, "name": "Mini-Millennium", "box_size_units": "Mpc/h"}}, {"pk": 1, "model": "tao.galaxymodel", "fields": {"name": "SAGE", "details": "Kind: semi-analytic model<br/>\r\nPaper: <a href=\"http://arxiv.org/abs/astro-ph/0602065\">Croton et al. 2006</a>"}}, {"pk": 1, "model": "tao.dataset", "fields": {"available": true, "database": "millennium_full_dist", "import_date": "2013-06-18", "simulation": 1, "default_filter_field": 80, "galaxy_model": 1, "version": "1.00", "default_filter_min": 0.31, "default_filter_max": null}}, {"pk": 2, "model": "tao.dataset", "fields": {"available": true, "database": "millennium_mini_dist", "import_date": "2013-06-18", "simulation": 2, "default_filter_field": 80, "galaxy_model": 1, "version": "1.00", "default_filter_min": 0.1, "default_filter_max": null}}, {"pk": 1, "model": "tao.datasetproperty", "fields": {"group": "", "name": "blackholemass", "data_type": 1, "description": "", "dataset": 1, "is_filter": true, "is_computed": false, "units": "10^10 M\u2609/h", "label": "Black Hole Mass", "order": 0, "is_output": true}}, {"pk": 2, "model": "tao.datasetproperty", "fields": {"group": "", "name": "blackholemass", "data_type": 1, "description": "", "dataset": 2, "is_filter": true, "is_computed": false, "units": "10^10 M\u2609/h", "label": "Black Hole Mass", "order": 0, "is_output": true}}, {"pk": 3, "model": "tao.datasetproperty", "fields": {"group": "", "name": "bulgemass", "data_type": 1, "description": "", "dataset": 1, "is_filter": true, "is_computed": false, "units": "10^10 M\u2609/h", "label": "Bulge Mass", "order": 0, "is_output": true}}, {"pk": 4, "model": "tao.datasetproperty", "fields": {"group": "", "name": "bulgemass", "data_type": 1, "description": "", "dataset": 2, "is_filter": true, "is_computed": false, "units": "10^10 M\u2609/h", "label": "Bulge Mass", "order": 0, "is_output": true}}, {"pk": 5, "model": "tao.datasetproperty", "fields": {"group": "", "name": "centralgal", "data_type": 0, "description": "", "dataset": 1, "is_filter": false, "is_computed": false, "units": "", "label": "Central Gal", "order": 0, "is_output": true}}, {"pk": 6, "model": "tao.datasetproperty", "fields": {"group": "", "name": "centralgal", "data_type": 0, "description": "", "dataset": 2, "is_filter": false, "is_computed": false, "units": "", "label": "Central Gal", "order": 0, "is_output": true}}, {"pk": 7, "model": "tao.datasetproperty", "fields": {"group": "", "name": "centralmvir", "data_type": 1, "description": "", "dataset": 1, "is_filter": false, "is_computed": false, "units": "", "label": "Central Mvir", "order": 0, "is_output": true}}, {"pk": 8, "model": "tao.datasetproperty", "fields": {"group": "", "name": "centralmvir", "data_type": 1, "description": "", "dataset": 2, "is_filter": false, "is_computed": false, "units": "", "label": "Central Mvir", "order": 0, "is_output": true}}, {"pk": 9, "model": "tao.datasetproperty", "fields": {"group": "", "name": "coldgas", "data_type": 1, "description": "", "dataset": 1, "is_filter": true, "is_computed": false, "units": "10^10 M\u2609/h", "label": "Cold Gas", "order": 0, "is_output": true}}, {"pk": 10, "model": "tao.datasetproperty", "fields": {"group": "", "name": "coldgas", "data_type": 1, "description": "", "dataset": 2, "is_filter": true, "is_computed": false, "units": "10^10 M\u2609/h", "label": "Cold Gas", "order": 0, "is_output": true}}, {"pk": 11, "model": "tao.datasetproperty", "fields": {"group": "", "name": "cooling", "data_type": 1, "description": "", "dataset": 1, "is_filter": true, "is_computed": false, "units": "", "label": "Cooling", "order": 0, "is_output": true}}, {"pk": 12, "model": "tao.datasetproperty", "fields": {"group": "", "name": "cooling", "data_type": 1, "description": "", "dataset": 2, "is_filter": true, "is_computed": false, "units": "", "label": "Cooling", "order": 0, "is_output": true}}, {"pk": 13, "model": "tao.datasetproperty", "fields": {"group": "", "name": "descendant", "data_type": 0, "description": "", "dataset": 1, "is_filter": false, "is_computed": false, "units": "", "label": "Descendant", "order": 0, "is_output": true}}, {"pk": 14, "model": "tao.datasetproperty", "fields": {"group": "", "name": "descendant", "data_type": 0, "description": "", "dataset": 2, "is_filter": false, "is_computed": false, "units": "", "label": "Descendant", "order": 0, "is_output": true}}, {"pk": 15, "model": "tao.datasetproperty", "fields": {"group": "", "name": "diskscaleradius", "data_type": 1, "description": "", "dataset": 1, "is_filter": true, "is_computed": false, "units": "Mpc/h", "label": "Disk Scale Radius", "order": 0, "is_output": true}}, {"pk": 16, "model": "tao.datasetproperty", "fields": {"group": "", "name": "diskscaleradius", "data_type": 1, "description": "", "dataset": 2, "is_filter": true, "is_computed": false, "units": "Mpc/h", "label": "Disk Scale Radius", "order": 0, "is_output": true}}, {"pk": 17, "model": "tao.datasetproperty", "fields": {"group": "", "name": "ejectedmass", "data_type": 1, "description": "", "dataset": 1, "is_filter": true, "is_computed": false, "units": "10^10 M\u2609/h", "label": "Ejected Mass", "order": 0, "is_output": true}}, {"pk": 18, "model": "tao.datasetproperty", "fields": {"group": "", "name": "ejectedmass", "data_type": 1, "description": "", "dataset": 2, "is_filter": true, "is_computed": false, "units": "10^10 M\u2609/h", "label": "Ejected Mass", "order": 0, "is_output": true}}, {"pk": 19, "model": "tao.datasetproperty", "fields": {"group": "", "name": "fofhaloindex", "data_type": 0, "description": "", "dataset": 1, "is_filter": false, "is_computed": false, "units": "", "label": "FOF Halo Index", "order": 0, "is_output": true}}, {"pk": 20, "model": "tao.datasetproperty", "fields": {"group": "", "name": "fofhaloindex", "data_type": 0, "description": "", "dataset": 2, "is_filter": false, "is_computed": false, "units": "", "label": "FOF Halo Index", "order": 0, "is_output": true}}, {"pk": 21, "model": "tao.datasetproperty", "fields": {"group": "", "name": "globalgalaxyid", "data_type": 2, "description": "", "dataset": 1, "is_filter": false, "is_computed": false, "units": "", "label": "Galaxy Index", "order": 0, "is_output": true}}, {"pk": 22, "model": "tao.datasetproperty", "fields": {"group": "", "name": "globalgalaxyid", "data_type": 2, "description": "", "dataset": 2, "is_filter": false, "is_computed": false, "units": "", "label": "Galaxy Index", "order": 0, "is_output": true}}, {"pk": 23, "model": "tao.datasetproperty", "fields": {"group": "", "name": "globaldescendant", "data_type": 2, "description": "", "dataset": 1, "is_filter": false, "is_computed": false, "units": "", "label": "Global Descendant", "order": 0, "is_output": true}}, {"pk": 24, "model": "tao.datasetproperty", "fields": {"group": "", "name": "globaldescendant", "data_type": 2, "description": "", "dataset": 2, "is_filter": false, "is_computed": false, "units": "", "label": "Global Descendant", "order": 0, "is_output": true}}, {"pk": 25, "model": "tao.datasetproperty", "fields": {"group": "", "name": "globalindex", "data_type": 2, "description": "", "dataset": 1, "is_filter": false, "is_computed": false, "units": "", "label": "Global Index", "order": 0, "is_output": true}}, {"pk": 26, "model": "tao.datasetproperty", "fields": {"group": "", "name": "globalindex", "data_type": 2, "description": "", "dataset": 2, "is_filter": false, "is_computed": false, "units": "", "label": "Global Index", "order": 0, "is_output": true}}, {"pk": 27, "model": "tao.datasetproperty", "fields": {"group": "", "name": "haloindex", "data_type": 0, "description": "", "dataset": 1, "is_filter": false, "is_computed": false, "units": "", "label": "Halo Index", "order": 0, "is_output": true}}, {"pk": 28, "model": "tao.datasetproperty", "fields": {"group": "", "name": "haloindex", "data_type": 0, "description": "", "dataset": 2, "is_filter": false, "is_computed": false, "units": "", "label": "Halo Index", "order": 0, "is_output": true}}, {"pk": 29, "model": "tao.datasetproperty", "fields": {"group": "", "name": "heating", "data_type": 1, "description": "", "dataset": 1, "is_filter": true, "is_computed": false, "units": "", "label": "Heating", "order": 0, "is_output": true}}, {"pk": 30, "model": "tao.datasetproperty", "fields": {"group": "", "name": "heating", "data_type": 1, "description": "", "dataset": 2, "is_filter": true, "is_computed": false, "units": "", "label": "Heating", "order": 0, "is_output": true}}, {"pk": 31, "model": "tao.datasetproperty", "fields": {"group": "", "name": "hotgas", "data_type": 1, "description": "", "dataset": 1, "is_filter": true, "is_computed": false, "units": "10^10 M\u2609/h", "label": "Hot Gas", "order": 0, "is_output": true}}, {"pk": 32, "model": "tao.datasetproperty", "fields": {"group": "", "name": "hotgas", "data_type": 1, "description": "", "dataset": 2, "is_filter": true, "is_computed": false, "units": "10^10 M\u2609/h", "label": "Hot Gas", "order": 0, "is_output": true}}, {"pk": 33, "model": "tao.datasetproperty", "fields": {"group": "", "name": "ics", "data_type": 1, "description": "", "dataset": 1, "is_filter": true, "is_computed": false, "units": "", "label": "ICS", "order": 0, "is_output": true}}, {"pk": 34, "model": "tao.datasetproperty", "fields": {"group": "", "name": "ics", "data_type": 1, "description": "", "dataset": 2, "is_filter": true, "is_computed": false, "units": "", "label": "ICS", "order": 0, "is_output": true}}, {"pk": 35, "model": "tao.datasetproperty", "fields": {"group": "", "name": "len", "data_type": 0, "description": "", "dataset": 1, "is_filter": true, "is_computed": false, "units": "", "label": "Len", "order": 0, "is_output": true}}, {"pk": 36, "model": "tao.datasetproperty", "fields": {"group": "", "name": "len", "data_type": 0, "description": "", "dataset": 2, "is_filter": true, "is_computed": false, "units": "", "label": "Len", "order": 0, "is_output": true}}, {"pk": 37, "model": "tao.datasetproperty", "fields": {"group": "", "name": "metalsbulgemass", "data_type": 1, "description": "", "dataset": 1, "is_filter": true, "is_computed": false, "units": "10^10 M\u2609/h", "label": "Metals Bulge Mass", "order": 0, "is_output": true}}, {"pk": 38, "model": "tao.datasetproperty", "fields": {"group": "", "name": "metalsbulgemass", "data_type": 1, "description": "", "dataset": 2, "is_filter": true, "is_computed": false, "units": "10^10 M\u2609/h", "label": "Metals Bulge Mass", "order": 0, "is_output": true}}, {"pk": 39, "model": "tao.datasetproperty", "fields": {"group": "", "name": "metalscoldgas", "data_type": 1, "description": "", "dataset": 1, "is_filter": true, "is_computed": false, "units": "10^10 M\u2609/h", "label": "Metals Cold Gas", "order": 0, "is_output": true}}, {"pk": 40, "model": "tao.datasetproperty", "fields": {"group": "", "name": "metalscoldgas", "data_type": 1, "description": "", "dataset": 2, "is_filter": true, "is_computed": false, "units": "10^10 M\u2609/h", "label": "Metals Cold Gas", "order": 0, "is_output": true}}, {"pk": 41, "model": "tao.datasetproperty", "fields": {"group": "", "name": "metalsejectedmass", "data_type": 1, "description": "", "dataset": 1, "is_filter": true, "is_computed": false, "units": "10^10 M\u2609/h", "label": "Metals Ejected Mass", "order": 0, "is_output": true}}, {"pk": 42, "model": "tao.datasetproperty", "fields": {"group": "", "name": "metalsejectedmass", "data_type": 1, "description": "", "dataset": 2, "is_filter": true, "is_computed": false, "units": "10^10 M\u2609/h", "label": "Metals Ejected Mass", "order": 0, "is_output": true}}, {"pk": 43, "model": "tao.datasetproperty", "fields": {"group": "", "name": "metalshotgas", "data_type": 1, "description": "", "dataset": 1, "is_filter": true, "is_computed": false, "units": "10^10 M\u2609/h", "label": "Metals Hot Gas", "order": 0, "is_output": true}}, {"pk": 44, "model": "tao.datasetproperty", "fields": {"group": "", "name": "metalshotgas", "data_type": 1, "description": "", "dataset": 2, "is_filter": true, "is_computed": false, "units": "10^10 M\u2609/h", "label": "Metals Hot Gas", "order": 0, "is_output": true}}, {"pk": 45, "model": "tao.datasetproperty", "fields": {"group": "", "name": "metalsics", "data_type": 1, "description": "", "dataset": 1, "is_filter": true, "is_computed": false, "units": "", "label": "Metals ICS", "order": 0, "is_output": true}}, {"pk": 46, "model": "tao.datasetproperty", "fields": {"group": "", "name": "metalsics", "data_type": 1, "description": "", "dataset": 2, "is_filter": true, "is_computed": false, "units": "", "label": "Metals ICS", "order": 0, "is_output": true}}, {"pk": 47, "model": "tao.datasetproperty", "fields": {"group": "", "name": "metalsstellarmass", "data_type": 1, "description": "", "dataset": 1, "is_filter": true, "is_computed": false, "units": "10^10 M\u2609/h", "label": "Metals Stellar Mass", "order": 0, "is_output": true}}, {"pk": 48, "model": "tao.datasetproperty", "fields": {"group": "", "name": "metalsstellarmass", "data_type": 1, "description": "", "dataset": 2, "is_filter": true, "is_computed": false, "units": "10^10 M\u2609/h", "label": "Metals Stellar Mass", "order": 0, "is_output": true}}, {"pk": 49, "model": "tao.datasetproperty", "fields": {"group": "", "name": "mvir", "data_type": 1, "description": "", "dataset": 1, "is_filter": true, "is_computed": false, "units": "10^10 Mpc/h", "label": "Mvir", "order": 0, "is_output": true}}, {"pk": 50, "model": "tao.datasetproperty", "fields": {"group": "", "name": "mvir", "data_type": 1, "description": "", "dataset": 2, "is_filter": true, "is_computed": false, "units": "10^10 Mpc/h", "label": "Mvir", "order": 0, "is_output": true}}, {"pk": 51, "model": "tao.datasetproperty", "fields": {"group": "", "name": "posx", "data_type": 1, "description": "", "dataset": 2, "is_filter": true, "is_computed": false, "units": "Mpc/h", "label": "Pos X", "order": 0, "is_output": true}}, {"pk": 52, "model": "tao.datasetproperty", "fields": {"group": "", "name": "pos_x", "data_type": 1, "description": "Galaxy X position prior to random rotation and shifting", "dataset": 2, "is_filter": true, "is_computed": false, "units": "", "label": "Pos X (base)", "order": 0, "is_output": true}}, {"pk": 53, "model": "tao.datasetproperty", "fields": {"group": "", "name": "pos_x", "data_type": 1, "description": "Galaxy X position after random rotation and shifting", "dataset": 1, "is_filter": true, "is_computed": false, "units": "", "label": "Pos X (rotated & shifted)", "order": 0, "is_output": true}}, {"pk": 54, "model": "tao.datasetproperty", "fields": {"group": "", "name": "posy", "data_type": 1, "description": "", "dataset": 2, "is_filter": true, "is_computed": false, "units": "Mpc/h", "label": "Pos Y", "order": 0, "is_output": true}}, {"pk": 55, "model": "tao.datasetproperty", "fields": {"group": "", "name": "pos_y", "data_type": 1, "description": "Galaxy Position Y prior to random rotation and shifting", "dataset": 2, "is_filter": true, "is_computed": false, "units": "", "label": "Pos Y (base)", "order": 0, "is_output": true}}, {"pk": 56, "model": "tao.datasetproperty", "fields": {"group": "", "name": "pos_y", "data_type": 1, "description": "Galaxy Y position after random rotation and shifting", "dataset": 1, "is_filter": true, "is_computed": false, "units": "", "label": "Pos Y (rotated & shifted)", "order": 0, "is_output": true}}, {"pk": 57, "model": "tao.datasetproperty", "fields": {"group": "", "name": "posz", "data_type": 1, "description": "", "dataset": 2, "is_filter": true, "is_computed": false, "units": "Mpc/h", "label": "Pos Z", "order": 0, "is_output": true}}, {"pk": 58, "model": "tao.datasetproperty", "fields": {"group": "", "name": "pos_z", "data_type": 1, "description": "Galaxy Z Position prior to random rotation and shifting", "dataset": 2, "is_filter": true, "is_computed": false, "units": "", "label": "Pos Z (base)", "order": 0, "is_output": true}}, {"pk": 59, "model": "tao.datasetproperty", "fields": {"group": "", "name": "pos_z", "data_type": 1, "description": "Galaxy Position Z after random rotation and shifting", "dataset": 1, "is_filter": true, "is_computed": false, "units": "", "label": "Pos Z (rotated & shifted)", "order": 0, "is_output": true}}, {"pk": 60, "model": "tao.datasetproperty", "fields": {"group": "", "name": "posx", "data_type": 1, "description": "", "dataset": 1, "is_filter": true, "is_computed": false, "units": "Mpc/h", "label": "PosX", "order": 0, "is_output": true}}, {"pk": 61, "model": "tao.datasetproperty", "fields": {"group": "", "name": "posy", "data_type": 1, "description": "", "dataset": 1, "is_filter": true, "is_computed": false, "units": "Mpc/h", "label": "PosY", "order": 0, "is_output": true}}, {"pk": 62, "model": "tao.datasetproperty", "fields": {"group": "", "name": "posz", "data_type": 1, "description": "", "dataset": 1, "is_filter": true, "is_computed": false, "units": "Mpc/h", "label": "PosZ", "order": 0, "is_output": true}}, {"pk": 63, "model": "tao.datasetproperty", "fields": {"group": "", "name": "rvir", "data_type": 1, "description": "", "dataset": 1, "is_filter": true, "is_computed": false, "units": "Mpc/h", "label": "Rvir", "order": 0, "is_output": true}}, {"pk": 64, "model": "tao.datasetproperty", "fields": {"group": "", "name": "rvir", "data_type": 1, "description": "", "dataset": 2, "is_filter": true, "is_computed": false, "units": "Mpc/h", "label": "Rvir", "order": 0, "is_output": true}}, {"pk": 65, "model": "tao.datasetproperty", "fields": {"group": "", "name": "sfr", "data_type": 1, "description": "", "dataset": 1, "is_filter": true, "is_computed": false, "units": "10^10 M\u2609/yr", "label": "Sfr", "order": 0, "is_output": true}}, {"pk": 66, "model": "tao.datasetproperty", "fields": {"group": "", "name": "sfr", "data_type": 1, "description": "", "dataset": 2, "is_filter": true, "is_computed": false, "units": "10^10 M\u2609/yr", "label": "Sfr", "order": 0, "is_output": true}}, {"pk": 67, "model": "tao.datasetproperty", "fields": {"group": "", "name": "sfrbulge", "data_type": 1, "description": "", "dataset": 1, "is_filter": true, "is_computed": false, "units": "10^10 M\u2609/yr", "label": "Sfr Bulge", "order": 0, "is_output": true}}, {"pk": 68, "model": "tao.datasetproperty", "fields": {"group": "", "name": "sfrbulge", "data_type": 1, "description": "", "dataset": 2, "is_filter": true, "is_computed": false, "units": "10^10 M\u2609/yr", "label": "Sfr Bulge", "order": 0, "is_output": true}}, {"pk": 69, "model": "tao.datasetproperty", "fields": {"group": "", "name": "sfrics", "data_type": 1, "description": "", "dataset": 1, "is_filter": true, "is_computed": false, "units": "", "label": "Sfr ICS", "order": 0, "is_output": true}}, {"pk": 70, "model": "tao.datasetproperty", "fields": {"group": "", "name": "sfrics", "data_type": 1, "description": "", "dataset": 2, "is_filter": true, "is_computed": false, "units": "", "label": "Sfr ICS", "order": 0, "is_output": true}}, {"pk": 71, "model": "tao.datasetproperty", "fields": {"group": "", "name": "snapnum", "data_type": 0, "description": "", "dataset": 1, "is_filter": false, "is_computed": false, "units": "", "label": "Snap Num", "order": 0, "is_output": true}}, {"pk": 72, "model": "tao.datasetproperty", "fields": {"group": "", "name": "snapnum", "data_type": 0, "description": "", "dataset": 2, "is_filter": false, "is_computed": false, "units": "", "label": "Snap Num", "order": 0, "is_output": true}}, {"pk": 73, "model": "tao.datasetproperty", "fields": {"group": "", "name": "spinx", "data_type": 1, "description": "", "dataset": 1, "is_filter": true, "is_computed": false, "units": "", "label": "Spin X", "order": 0, "is_output": true}}, {"pk": 74, "model": "tao.datasetproperty", "fields": {"group": "", "name": "spinx", "data_type": 1, "description": "", "dataset": 2, "is_filter": true, "is_computed": false, "units": "", "label": "Spin X", "order": 0, "is_output": true}}, {"pk": 75, "model": "tao.datasetproperty", "fields": {"group": "", "name": "spiny", "data_type": 1, "description": "", "dataset": 1, "is_filter": true, "is_computed": false, "units": "", "label": "Spin Y", "order": 0, "is_output": true}}, {"pk": 76, "model": "tao.datasetproperty", "fields": {"group": "", "name": "spiny", "data_type": 1, "description": "", "dataset": 2, "is_filter": true, "is_computed": false, "units": "", "label": "Spin Y", "order": 0, "is_output": true}}, {"pk": 77, "model": "tao.datasetproperty", "fields": {"group": "", "name": "spinz", "data_type": 1, "description": "", "dataset": 1, "is_filter": true, "is_computed": false, "units": "", "label": "Spin Z", "order": 0, "is_output": true}}, {"pk": 78, "model": "tao.datasetproperty", "fields": {"group": "", "name": "spinz", "data_type": 1, "description": "", "dataset": 2, "is_filter": true, "is_computed": false, "units": "", "label": "Spin Z", "order": 0, "is_output": true}}, {"pk": 79, "model": "tao.datasetproperty", "fields": {"group": "", "name": "stellarmass", "data_type": 1, "description": "", "dataset": 1, "is_filter": true, "is_computed": false, "units": "10^10 M\u2609/h", "label": "Stellar Mass", "order": 0, "is_output": true}}, {"pk": 80, "model": "tao.datasetproperty", "fields": {"group": "", "name": "stellarmass", "data_type": 1, "description": "", "dataset": 2, "is_filter": true, "is_computed": false, "units": "10^10 M\u2609/h", "label": "Stellar Mass", "order": 0, "is_output": true}}, {"pk": 81, "model": "tao.datasetproperty", "fields": {"group": "", "name": "treeindex", "data_type": 0, "description": "", "dataset": 1, "is_filter": false, "is_computed": false, "units": "", "label": "Tree Index", "order": 0, "is_output": true}}, {"pk": 82, "model": "tao.datasetproperty", "fields": {"group": "", "name": "treeindex", "data_type": 0, "description": "", "dataset": 2, "is_filter": false, "is_computed": false, "units": "", "label": "Tree Index", "order": 0, "is_output": true}}, {"pk": 83, "model": "tao.datasetproperty", "fields": {"group": "", "name": "objecttype", "data_type": 0, "description": "", "dataset": 1, "is_filter": false, "is_computed": false, "units": "", "label": "Type", "order": 0, "is_output": true}}, {"pk": 84, "model": "tao.datasetproperty", "fields": {"group": "", "name": "objecttype", "data_type": 0, "description": "", "dataset": 2, "is_filter": false, "is_computed": false, "units": "", "label": "Type", "order": 0, "is_output": true}}, {"pk": 85, "model": "tao.datasetproperty", "fields": {"group": "", "name": "veldisp", "data_type": 1, "description": "", "dataset": 1, "is_filter": true, "is_computed": false, "units": "km/s", "label": "Vel Disp", "order": 0, "is_output": true}}, {"pk": 86, "model": "tao.datasetproperty", "fields": {"group": "", "name": "veldisp", "data_type": 1, "description": "", "dataset": 2, "is_filter": true, "is_computed": false, "units": "km/s", "label": "Vel Disp", "order": 0, "is_output": true}}, {"pk": 87, "model": "tao.datasetproperty", "fields": {"group": "", "name": "velx", "data_type": 1, "description": "", "dataset": 1, "is_filter": true, "is_computed": false, "units": "km/s", "label": "Vel X", "order": 0, "is_output": true}}, {"pk": 88, "model": "tao.datasetproperty", "fields": {"group": "", "name": "velx", "data_type": 1, "description": "", "dataset": 2, "is_filter": true, "is_computed": false, "units": "km/s", "label": "Vel X", "order": 0, "is_output": true}}, {"pk": 89, "model": "tao.datasetproperty", "fields": {"group": "", "name": "vely", "data_type": 1, "description": "", "dataset": 1, "is_filter": true, "is_computed": false, "units": "km/s", "label": "Vel Y", "order": 0, "is_output": true}}, {"pk": 90, "model": "tao.datasetproperty", "fields": {"group": "", "name": "vely", "data_type": 1, "description": "", "dataset": 2, "is_filter": true, "is_computed": false, "units": "km/s", "label": "Vel Y", "order": 0, "is_output": true}}, {"pk": 91, "model": "tao.datasetproperty", "fields": {"group": "", "name": "velz", "data_type": 1, "description": "", "dataset": 1, "is_filter": true, "is_computed": false, "units": "km/s", "label": "Vel Z", "order": 0, "is_output": true}}, {"pk": 92, "model": "tao.datasetproperty", "fields": {"group": "", "name": "velz", "data_type": 1, "description": "", "dataset": 2, "is_filter": true, "is_computed": false, "units": "km/s", "label": "Vel Z", "order": 0, "is_output": true}}, {"pk": 93, "model": "tao.datasetproperty", "fields": {"group": "", "name": "vmax", "data_type": 1, "description": "", "dataset": 1, "is_filter": true, "is_computed": false, "units": "km/s", "label": "Vmax", "order": 0, "is_output": true}}, {"pk": 94, "model": "tao.datasetproperty", "fields": {"group": "", "name": "vmax", "data_type": 1, "description": "", "dataset": 2, "is_filter": true, "is_computed": false, "units": "km/s", "label": "Vmax", "order": 0, "is_output": true}}, {"pk": 95, "model": "tao.datasetproperty", "fields": {"group": "", "name": "vvir", "data_type": 1, "description": "", "dataset": 1, "is_filter": true, "is_computed": false, "units": "km/s", "label": "Vvir", "order": 0, "is_output": true}}, {"pk": 96, "model": "tao.datasetproperty", "fields": {"group": "", "name": "vvir", "data_type": 1, "description": "", "dataset": 2, "is_filter": true, "is_computed": false, "units": "km/s", "label": "Vvir", "order": 0, "is_output": true}}, {"pk": 1, "model": "tao.snapshot", "fields": {"redshift": "0E-10", "dataset": 1}}, {"pk": 2, "model": "tao.snapshot", "fields": {"redshift": "0.0199325417", "dataset": 1}}, {"pk": 3, "model": "tao.snapshot", "fields": {"redshift": "0.0414030615", "dataset": 1}}, {"pk": 4, "model": "tao.snapshot", "fields": {"redshift": "0.0644933969", "dataset": 1}}, {"pk": 5, "model": "tao.snapshot", "fields": {"redshift": "0.0892878345", "dataset": 1}}, {"pk": 6, "model": "tao.snapshot", "fields": {"redshift": "0.1158833723", "dataset": 1}}, {"pk": 7, "model": "tao.snapshot", "fields": {"redshift": "0.1443834234", "dataset": 1}}, {"pk": 8, "model": "tao.snapshot", "fields": {"redshift": "0.1748976077", "dataset": 1}}, {"pk": 9, "model": "tao.snapshot", "fields": {"redshift": "0.2075486280", "dataset": 1}}, {"pk": 10, "model": "tao.snapshot", "fields": {"redshift": "0.2424690843", "dataset": 1}}, {"pk": 11, "model": "tao.snapshot", "fields": {"redshift": "0.2798017843", "dataset": 1}}, {"pk": 12, "model": "tao.snapshot", "fields": {"redshift": "0.3197034362", "dataset": 1}}, {"pk": 13, "model": "tao.snapshot", "fields": {"redshift": "0.3623402826", "dataset": 1}}, {"pk": 14, "model": "tao.snapshot", "fields": {"redshift": "0.4078994422", "dataset": 1}}, {"pk": 15, "model": "tao.snapshot", "fields": {"redshift": "0.4565772474", "dataset": 1}}, {"pk": 16, "model": "tao.snapshot", "fields": {"redshift": "0.5085914282", "dataset": 1}}, {"pk": 17, "model": "tao.snapshot", "fields": {"redshift": "0.5641766018", "dataset": 1}}, {"pk": 18, "model": "tao.snapshot", "fields": {"redshift": "0.6235901149", "dataset": 1}}, {"pk": 19, "model": "tao.snapshot", "fields": {"redshift": "0.6871088016", "dataset": 1}}, {"pk": 20, "model": "tao.snapshot", "fields": {"redshift": "0.7550356360", "dataset": 1}}, {"pk": 21, "model": "tao.snapshot", "fields": {"redshift": "0.8276991461", "dataset": 1}}, {"pk": 22, "model": "tao.snapshot", "fields": {"redshift": "0.9054623890", "dataset": 1}}, {"pk": 23, "model": "tao.snapshot", "fields": {"redshift": "0.9887081153", "dataset": 1}}, {"pk": 24, "model": "tao.snapshot", "fields": {"redshift": "1.0778745836", "dataset": 1}}, {"pk": 25, "model": "tao.snapshot", "fields": {"redshift": "1.1734169374", "dataset": 1}}, {"pk": 26, "model": "tao.snapshot", "fields": {"redshift": "1.2758462165", "dataset": 1}}, {"pk": 27, "model": "tao.snapshot", "fields": {"redshift": "1.3857181369", "dataset": 1}}, {"pk": 28, "model": "tao.snapshot", "fields": {"redshift": "1.5036365321", "dataset": 1}}, {"pk": 29, "model": "tao.snapshot", "fields": {"redshift": "1.6302707338", "dataset": 1}}, {"pk": 30, "model": "tao.snapshot", "fields": {"redshift": "1.7663359051", "dataset": 1}}, {"pk": 31, "model": "tao.snapshot", "fields": {"redshift": "1.9126326704", "dataset": 1}}, {"pk": 32, "model": "tao.snapshot", "fields": {"redshift": "2.0700273232", "dataset": 1}}, {"pk": 33, "model": "tao.snapshot", "fields": {"redshift": "2.2394854401", "dataset": 1}}, {"pk": 34, "model": "tao.snapshot", "fields": {"redshift": "2.4220441238", "dataset": 1}}, {"pk": 35, "model": "tao.snapshot", "fields": {"redshift": "2.6188615062", "dataset": 1}}, {"pk": 36, "model": "tao.snapshot", "fields": {"redshift": "2.8311827627", "dataset": 1}}, {"pk": 37, "model": "tao.snapshot", "fields": {"redshift": "3.0604190352", "dataset": 1}}, {"pk": 38, "model": "tao.snapshot", "fields": {"redshift": "3.3080979317", "dataset": 1}}, {"pk": 39, "model": "tao.snapshot", "fields": {"redshift": "3.5759051140", "dataset": 1}}, {"pk": 40, "model": "tao.snapshot", "fields": {"redshift": "3.8656828256", "dataset": 1}}, {"pk": 41, "model": "tao.snapshot", "fields": {"redshift": "4.1794685865", "dataset": 1}}, {"pk": 42, "model": "tao.snapshot", "fields": {"redshift": "4.5195557862", "dataset": 1}}, {"pk": 43, "model": "tao.snapshot", "fields": {"redshift": "4.8884492180", "dataset": 1}}, {"pk": 44, "model": "tao.snapshot", "fields": {"redshift": "5.2888335472", "dataset": 1}}, {"pk": 45, "model": "tao.snapshot", "fields": {"redshift": "5.7238643393", "dataset": 1}}, {"pk": 46, "model": "tao.snapshot", "fields": {"redshift": "6.1968333933", "dataset": 1}}, {"pk": 47, "model": "tao.snapshot", "fields": {"redshift": "6.7115866590", "dataset": 1}}, {"pk": 48, "model": "tao.snapshot", "fields": {"redshift": "7.2721880765", "dataset": 1}}, {"pk": 49, "model": "tao.snapshot", "fields": {"redshift": "7.8832036386", "dataset": 1}}, {"pk": 50, "model": "tao.snapshot", "fields": {"redshift": "8.5499126183", "dataset": 1}}, {"pk": 51, "model": "tao.snapshot", "fields": {"redshift": "9.2779148166", "dataset": 1}}, {"pk": 52, "model": "tao.snapshot", "fields": {"redshift": "10.0734613425", "dataset": 1}}, {"pk": 53, "model": "tao.snapshot", "fields": {"redshift": "10.9438638400", "dataset": 1}}, {"pk": 54, "model": "tao.snapshot", "fields": {"redshift": "11.8965695125", "dataset": 1}}, {"pk": 55, "model": "tao.snapshot", "fields": {"redshift": "12.9407795684", "dataset": 1}}, {"pk": 56, "model": "tao.snapshot", "fields": {"redshift": "14.0859142818", "dataset": 1}}, {"pk": 57, "model": "tao.snapshot", "fields": {"redshift": "15.3430738053", "dataset": 1}}, {"pk": 58, "model": "tao.snapshot", "fields": {"redshift": "16.7245254258", "dataset": 1}}, {"pk": 59, "model": "tao.snapshot", "fields": {"redshift": "18.2437217358", "dataset": 1}}, {"pk": 60, "model": "tao.snapshot", "fields": {"redshift": "19.9156888582", "dataset": 1}}, {"pk": 61, "model": "tao.snapshot", "fields": {"redshift": "30.0000620001", "dataset": 1}}, {"pk": 62, "model": "tao.snapshot", "fields": {"redshift": "49.9995920033", "dataset": 1}}, {"pk": 63, "model": "tao.snapshot", "fields": {"redshift": "79.9978940548", "dataset": 1}}, {"pk": 64, "model": "tao.snapshot", "fields": {"redshift": "127.0000000000", "dataset": 1}}, {"pk": 65, "model": "tao.snapshot", "fields": {"redshift": "0E-10", "dataset": 2}}, {"pk": 66, "model": "tao.snapshot", "fields": {"redshift": "0.0199325417", "dataset": 2}}, {"pk": 67, "model": "tao.snapshot", "fields": {"redshift": "0.0414030615", "dataset": 2}}, {"pk": 68, "model": "tao.snapshot", "fields": {"redshift": "0.0644933969", "dataset": 2}}, {"pk": 69, "model": "tao.snapshot", "fields": {"redshift": "0.0892878345", "dataset": 2}}, {"pk": 70, "model": "tao.snapshot", "fields": {"redshift": "0.1158833723", "dataset": 2}}, {"pk": 71, "model": "tao.snapshot", "fields": {"redshift": "0.1443834234", "dataset": 2}}, {"pk": 72, "model": "tao.snapshot", "fields": {"redshift": "0.1748976077", "dataset": 2}}, {"pk": 73, "model": "tao.snapshot", "fields": {"redshift": "0.2075486280", "dataset": 2}}, {"pk": 74, "model": "tao.snapshot", "fields": {"redshift": "0.2424690843", "dataset": 2}}, {"pk": 75, "model": "tao.snapshot", "fields": {"redshift": "0.2798017843", "dataset": 2}}, {"pk": 76, "model": "tao.snapshot", "fields": {"redshift": "0.3197034362", "dataset": 2}}, {"pk": 77, "model": "tao.snapshot", "fields": {"redshift": "0.3623402826", "dataset": 2}}, {"pk": 78, "model": "tao.snapshot", "fields": {"redshift": "0.4078994422", "dataset": 2}}, {"pk": 79, "model": "tao.snapshot", "fields": {"redshift": "0.4565772474", "dataset": 2}}, {"pk": 80, "model": "tao.snapshot", "fields": {"redshift": "0.5085914282", "dataset": 2}}, {"pk": 81, "model": "tao.snapshot", "fields": {"redshift": "0.5641766018", "dataset": 2}}, {"pk": 82, "model": "tao.snapshot", "fields": {"redshift": "0.6235901149", "dataset": 2}}, {"pk": 83, "model": "tao.snapshot", "fields": {"redshift": "0.6871088016", "dataset": 2}}, {"pk": 84, "model": "tao.snapshot", "fields": {"redshift": "0.7550356360", "dataset": 2}}, {"pk": 85, "model": "tao.snapshot", "fields": {"redshift": "0.8276991461", "dataset": 2}}, {"pk": 86, "model": "tao.snapshot", "fields": {"redshift": "0.9054623890", "dataset": 2}}, {"pk": 87, "model": "tao.snapshot", "fields": {"redshift": "0.9887081153", "dataset": 2}}, {"pk": 88, "model": "tao.snapshot", "fields": {"redshift": "1.0778745836", "dataset": 2}}, {"pk": 89, "model": "tao.snapshot", "fields": {"redshift": "1.1734169374", "dataset": 2}}, {"pk": 90, "model": "tao.snapshot", "fields": {"redshift": "1.2758462165", "dataset": 2}}, {"pk": 91, "model": "tao.snapshot", "fields": {"redshift": "1.3857181369", "dataset": 2}}, {"pk": 92, "model": "tao.snapshot", "fields": {"redshift": "1.5036365321", "dataset": 2}}, {"pk": 93, "model": "tao.snapshot", "fields": {"redshift": "1.6302707338", "dataset": 2}}, {"pk": 94, "model": "tao.snapshot", "fields": {"redshift": "1.7663359051", "dataset": 2}}, {"pk": 95, "model": "tao.snapshot", "fields": {"redshift": "1.9126326704", "dataset": 2}}, {"pk": 96, "model": "tao.snapshot", "fields": {"redshift": "2.0700273232", "dataset": 2}}, {"pk": 97, "model": "tao.snapshot", "fields": {"redshift": "2.2394854401", "dataset": 2}}, {"pk": 98, "model": "tao.snapshot", "fields": {"redshift": "2.4220441238", "dataset": 2}}, {"pk": 99, "model": "tao.snapshot", "fields": {"redshift": "2.6188615062", "dataset": 2}}, {"pk": 100, "model": "tao.snapshot", "fields": {"redshift": "2.8311827627", "dataset": 2}}, {"pk": 101, "model": "tao.snapshot", "fields": {"redshift": "3.0604190352", "dataset": 2}}, {"pk": 102, "model": "tao.snapshot", "fields": {"redshift": "3.3080979317", "dataset": 2}}, {"pk": 103, "model": "tao.snapshot", "fields": {"redshift": "3.5759051140", "dataset": 2}}, {"pk": 104, "model": "tao.snapshot", "fields": {"redshift": "3.8656828256", "dataset": 2}}, {"pk": 105, "model": "tao.snapshot", "fields": {"redshift": "4.1794685865", "dataset": 2}}, {"pk": 106, "model": "tao.snapshot", "fields": {"redshift": "4.5195557862", "dataset": 2}}, {"pk": 107, "model": "tao.snapshot", "fields": {"redshift": "4.8884492180", "dataset": 2}}, {"pk": 108, "model": "tao.snapshot", "fields": {"redshift": "5.2888335472", "dataset": 2}}, {"pk": 109, "model": "tao.snapshot", "fields": {"redshift": "5.7238643393", "dataset": 2}}, {"pk": 110, "model": "tao.snapshot", "fields": {"redshift": "6.1968333933", "dataset": 2}}, {"pk": 111, "model": "tao.snapshot", "fields": {"redshift": "6.7115866590", "dataset": 2}}, {"pk": 112, "model": "tao.snapshot", "fields": {"redshift": "7.2721880765", "dataset": 2}}, {"pk": 113, "model": "tao.snapshot", "fields": {"redshift": "7.8832036386", "dataset": 2}}, {"pk": 114, "model": "tao.snapshot", "fields": {"redshift": "8.5499126183", "dataset": 2}}, {"pk": 115, "model": "tao.snapshot", "fields": {"redshift": "9.2779148166", "dataset": 2}}, {"pk": 116, "model": "tao.snapshot", "fields": {"redshift": "10.0734613425", "dataset": 2}}, {"pk": 117, "model": "tao.snapshot", "fields": {"redshift": "10.9438638400", "dataset": 2}}, {"pk": 118, "model": "tao.snapshot", "fields": {"redshift": "11.8965695125", "dataset": 2}}, {"pk": 119, "model": "tao.snapshot", "fields": {"redshift": "12.9407795684", "dataset": 2}}, {"pk": 120, "model": "tao.snapshot", "fields": {"redshift": "14.0859142818", "dataset": 2}}, {"pk": 121, "model": "tao.snapshot", "fields": {"redshift": "15.3430738053", "dataset": 2}}, {"pk": 122, "model": "tao.snapshot", "fields": {"redshift": "16.7245254258", "dataset": 2}}, {"pk": 123, "model": "tao.snapshot", "fields": {"redshift": "18.2437217358", "dataset": 2}}, {"pk": 124, "model": "tao.snapshot", "fields": {"redshift": "19.9156888582", "dataset": 2}}, {"pk": 125, "model": "tao.snapshot", "fields": {"redshift": "30.0000620001", "dataset": 2}}, {"pk": 126, "model": "tao.snapshot", "fields": {"redshift": "49.9995920033", "dataset": 2}}, {"pk": 127, "model": "tao.snapshot", "fields": {"redshift": "79.9978940548", "dataset": 2}}, {"pk": 128, "model": "tao.snapshot", "fields": {"redshift": "127.0000000000", "dataset": 2}}, {"pk": 1, "model": "tao.stellarmodel", "fields": {"description": "TBS", "name": "ssp.ssz", "label": "Maraston 2005"}}, {"pk": 1, "model": "tao.bandpassfilter", "fields": {"order": 0, "filter_id": "2MASS/Hband_2mass.dati", "group": "", "description": "<p>2 Micron All Sky Survey (2MASS) H</p>\n", "label": "2MASS H"}}, {"pk": 2, "model": "tao.bandpassfilter", "fields": {"order": 0, "filter_id": "2MASS/Ksband_2mass.dati", "group": "", "description": "<p>2 Micron All Sky Survey (2MASS) Ks</p>\n", "label": "2MASS Ks"}}, {"pk": 3, "model": "tao.bandpassfilter", "fields": {"order": 0, "filter_id": "CFHTLS/gMega.dati", "group": "", "description": "<p>Canada France Hawaii Telescope (CFHTLS/Megacam), g' band</p>\n", "label": "CFHTLS Megacam g'"}}, {"pk": 4, "model": "tao.bandpassfilter", "fields": {"order": 0, "filter_id": "CFHTLS/i2Mega_new.dati", "group": "", "description": "<p>Canada France Hawaii Telescope (CFHTLS/Megacam), i' band</p>\n", "label": "CFHTLS Megacam i'"}}, {"pk": 5, "model": "tao.bandpassfilter", "fields": {"order": 0, "filter_id": "CFHTLS/rMega.dati", "group": "", "description": "<p>Canada France Hawaii Telescope (CFHTLS/Megacam), r' band</p>\n", "label": "CFHTLS Megacam r'"}}, {"pk": 6, "model": "tao.bandpassfilter", "fields": {"order": 0, "filter_id": "CFHTLS/uMega.dati", "group": "", "description": "<p>Canada France Hawaii Telescope (CFHTLS/Megacam), u* band</p>\n", "label": "CFHTLS Megacam u*"}}, {"pk": 7, "model": "tao.bandpassfilter", "fields": {"order": 0, "filter_id": "CFHTLS/zMega.dati", "group": "", "description": "<p>Canada France Hawaii Telescope (CFHTLS/Megacam), z' band</p>\n", "label": "CFHTLS Megacam z'"}}, {"pk": 8, "model": "tao.bandpassfilter", "fields": {"order": 0, "filter_id": "GALEX/galex_FUV.dati", "group": "", "description": "<p>Galaxy Evolution Explorer (GALEX), far-UV</p>\n", "label": "GALEX FUV"}}, {"pk": 9, "model": "tao.bandpassfilter", "fields": {"order": 0, "filter_id": "GALEX/galex_NUV.dati", "group": "", "description": "<p>Galaxy Evolution  Explorer (GALEX), near-UV</p>\n", "label": "GALEX NUV"}}, {"pk": 10, "model": "tao.bandpassfilter", "fields": {"order": 0, "filter_id": "ACS/f435w.WFC1.dati", "group": "", "description": "<p>Hubble Space Telescope Advanced Camera for Surveys, Wide Field Camera 1 (HST/ACS, WFC1), B band (F435W)</p>\n", "label": "HST/ACS/WFC1 B"}}, {"pk": 11, "model": "tao.bandpassfilter", "fields": {"order": 0, "filter_id": "ACS/f775w.WFC1.dati", "group": "", "description": "<p>Hubble Space Telescope Advanced Camera for Surveys, Wide Field Camera 1 (HST/ACS, WFC1), i band (F775W)</p>\n", "label": "HST/ACS/WFC1 i"}}, {"pk": 12, "model": "tao.bandpassfilter", "fields": {"order": 0, "filter_id": "ACS/f606w.WFC1.dati", "group": "", "description": "<p>Hubble Space Telescope Advanced Camera for Surveys, Wide Field Camera 1 (HST/ACS, WFC1), V band (F606W)</p>\n", "label": "HST/ACS/WFC1 V"}}, {"pk": 13, "model": "tao.bandpassfilter", "fields": {"order": 0, "filter_id": "ACS/f850lp.WFC1.dati", "group": "", "description": "<p>Hubble Space Telescope Advanced Camera for Surveys, Wide Field Camera 1 (HST/ACS, WFC1), z band (F850LP)</p>\n", "label": "HST/ACS/WFC1 z"}}, {"pk": 14, "model": "tao.bandpassfilter", "fields": {"order": 0, "filter_id": "ACS/f435w.WFC2.dati", "group": "", "description": "<p>Hubble Space Telescope Advanced Camera for Surveys, Wide Field Camera 2 (HST/ACS, WFC2), B band (F435W)</p>\n", "label": "HST/ACS/WFC2 B"}}, {"pk": 15, "model": "tao.bandpassfilter", "fields": {"order": 0, "filter_id": "ACS/f775w.WFC2.dati", "group": "", "description": "<p>Hubble Space Telescope Advanced Camera for Surveys, Wide Field Camera 2 (HST/ACS, WFC2), i band (F775W)</p>\n", "label": "HST/ACS/WFC2 i"}}, {"pk": 16, "model": "tao.bandpassfilter", "fields": {"order": 0, "filter_id": "ACS/f606w.WFC2.dati", "group": "", "description": "<p>Hubble Space Telescope Advanced Camera for Surveys, Wide Field Camera 2 (HST/ACS, WFC2), V band (F606W)</p>\n", "label": "HST/ACS/WFC2 V"}}, {"pk": 17, "model": "tao.bandpassfilter", "fields": {"order": 0, "filter_id": "ACS/f850lp.WFC2.dati", "group": "", "description": "<p>Hubble Space Telescope Advanced Camera for Surveys, Wide Field Camera 2 (HST/ACS, WFC2), z band (F850LP)</p>\n", "label": "HST/ACS/WFC2 z"}}, {"pk": 18, "model": "tao.bandpassfilter", "fields": {"order": 0, "filter_id": "PACS/pacs100.dati", "group": "", "description": "<p>Hubble Space Telescope, Herschel/PACS, 100 micron</p>\n", "label": "HST/Herschel/PACS 100"}}, {"pk": 19, "model": "tao.bandpassfilter", "fields": {"order": 0, "filter_id": "PACS/pacs160.dati", "group": "", "description": "<p>Hubble Space Telescope, Herschel/PACS, 160 micron</p>\n", "label": "HST/Herschel/PACS 160"}}, {"pk": 20, "model": "tao.bandpassfilter", "fields": {"order": 0, "filter_id": "PACS/pacs70.dati", "group": "", "description": "<p>Hubble Space Telescope, Herschel/PACS, 70 micron</p>\n", "label": "HST/Herschel/PACS 70"}}, {"pk": 21, "model": "tao.bandpassfilter", "fields": {"order": 0, "filter_id": "SPIRE/spire250.dati", "group": "", "description": "<p>Hubble Space Telescope, Herschel/SPIRE, 250 micron</p>\n", "label": "HST/Herschel/SPIRE 250"}}, {"pk": 22, "model": "tao.bandpassfilter", "fields": {"order": 0, "filter_id": "SPIRE/spire350.dati", "group": "", "description": "<p>Hubble Space Telescope, Herschel/SPIRE, 350 micron</p>\n", "label": "HST/Herschel/SPIRE 350"}}, {"pk": 23, "model": "tao.bandpassfilter", "fields": {"order": 0, "filter_id": "SPIRE/spire500.dati", "group": "", "description": "<p>Hubble Space Telescope, Herschel/SPIRE, 500 micron</p>\n", "label": "HST/Herschel/SPIRE 500"}}, {"pk": 24, "model": "tao.bandpassfilter", "fields": {"order": 0, "filter_id": "IRAC/irac_3.4.dati", "group": "", "description": "<p>Hubble Space Telescope, Spitzer/IRAC, ch1 (3.4 micron)</p>\n", "label": "HST/Spitzer IRAC1"}}, {"pk": 25, "model": "tao.bandpassfilter", "fields": {"order": 0, "filter_id": "IRAC/irac_4.5.dati", "group": "", "description": "<p>Hubble Space Telescope, Spitzer/IRAC, ch2 (4.5 micron)</p>\n", "label": "HST/Spitzer IRAC2"}}, {"pk": 26, "model": "tao.bandpassfilter", "fields": {"order": 0, "filter_id": "IRAC/irac_5.8.dati", "group": "", "description": "<p>Hubble Space Telescope, Spitzer/IRAC, ch3 (5.8 micron)</p>\n", "label": "HST/Spitzer IRAC3"}}, {"pk": 27, "model": "tao.bandpassfilter", "fields": {"order": 0, "filter_id": "IRAC/irac_8.0.dati", "group": "", "description": "<p>Hubble Space Telescope, Spitzer/IRAC, ch4 (8.0 micron)</p>\n", "label": "HST/Spitzer IRAC4"}}, {"pk": 28, "model": "tao.bandpassfilter", "fields": {"order": 0, "filter_id": "MIPS/mips_24.dati", "group": "", "description": "<p>Hubble Space Telescope, Spitzer/MIPS, 24 micron</p>\n", "label": "HST/Spitzer/MIPS 24"}}, {"pk": 29, "model": "tao.bandpassfilter", "fields": {"order": 0, "filter_id": "WFC3/f098m.IR.dati", "group": "", "description": "<p>Hubble Space Telescope, WFC3/IR, F0.98M</p>\n", "label": "HST/WFC3/IR F0.98M"}}, {"pk": 30, "model": "tao.bandpassfilter", "fields": {"order": 0, "filter_id": "WFC3/f105w.IR.dati", "group": "", "description": "<p>Hubble Space Telescope, WFC3/IR, F105W</p>\n", "label": "HST/WFC3/IR F105W"}}, {"pk": 31, "model": "tao.bandpassfilter", "fields": {"order": 0, "filter_id": "WFC3/f125w.IR.dati", "group": "", "description": "<p>Hubble Space Telescope, WFC3/IR, F125W</p>\n", "label": "HST/WFC3/IR F125W"}}, {"pk": 32, "model": "tao.bandpassfilter", "fields": {"order": 0, "filter_id": "WFC3/f160w.IR.dati", "group": "", "description": "<p>Hubble Space Telescope, WFC3/IR, F160W</p>\n", "label": "HST/WFC3/IR F160W"}}, {"pk": 33, "model": "tao.bandpassfilter", "fields": {"order": 0, "filter_id": "WFC3/f275w.UVIS1.dati", "group": "", "description": "<p>Hubble Space Telescope, WFC3/IR/UVIS1, F275W</p>\n", "label": "HST/WFC3/IR/UVIS1 F265W"}}, {"pk": 34, "model": "tao.bandpassfilter", "fields": {"order": 0, "filter_id": "WFC3/f336w.UVIS1.dati", "group": "", "description": "<p>Hubble Space Telescope, WFC3/IR/UVIS1, F336W</p>\n", "label": "HST/WFC3/IR/UVIS1 F336W"}}, {"pk": 35, "model": "tao.bandpassfilter", "fields": {"order": 0, "filter_id": "WFC3/f275w.UVIS2.dati", "group": "", "description": "<p>Hubble Space Telescope, WFC3/IR/UVIS2, F275W</p>\n", "label": "HST/WFC3/IR/UVIS2 F265W"}}, {"pk": 36, "model": "tao.bandpassfilter", "fields": {"order": 0, "filter_id": "WFC3/f336w.UVIS2.dati", "group": "", "description": "<p>Hubble Space Telescope, WFC3/IR/UVIS2, F336W</p>\n", "label": "HST/WFC3/IR/UVIS2 F336W"}}, {"pk": 37, "model": "tao.bandpassfilter", "fields": {"order": 0, "filter_id": "Johnson/Johnson_B.dati", "group": "", "description": "<p>Johnson B band</p>\n", "label": "Johnson B"}}, {"pk": 38, "model": "tao.bandpassfilter", "fields": {"order": 0, "filter_id": "Johnson/h.dat", "group": "", "description": "<p>Johnson H band</p>\n", "label": "Johnson H"}}, {"pk": 39, "model": "tao.bandpassfilter", "fields": {"order": 0, "filter_id": "Johnson/Ifilter.dati", "group": "", "description": "<p>Johnson I band</p>\n", "label": "Johnson I"}}, {"pk": 40, "model": "tao.bandpassfilter", "fields": {"order": 0, "filter_id": "Johnson/j.dat", "group": "", "description": "<p>Johnson J band</p>\n", "label": "Johnson J"}}, {"pk": 41, "model": "tao.bandpassfilter", "fields": {"order": 0, "filter_id": "Johnson/k.dat", "group": "", "description": "<p>Johnson K band</p>\n", "label": "Johnson K"}}, {"pk": 42, "model": "tao.bandpassfilter", "fields": {"order": 0, "filter_id": "Johnson/Rfilter.dati", "group": "", "description": "<p>Johnson R band</p>\n", "label": "Johnson R"}}, {"pk": 43, "model": "tao.bandpassfilter", "fields": {"order": 0, "filter_id": "Johnson/Johnson_U.dati", "group": "", "description": "<p>Johnson U band</p>\n", "label": "Johnson U"}}, {"pk": 44, "model": "tao.bandpassfilter", "fields": {"order": 0, "filter_id": "Johnson/Johnson_V.dati", "group": "", "description": "<p>Johnson V band</p>\n", "label": "Johnson V"}}, {"pk": 45, "model": "tao.bandpassfilter", "fields": {"order": 0, "filter_id": "DEEP/deep_B.dati", "group": "", "description": "<p>Keck/DEIMOS/DEEP, B band</p>\n", "label": "Keck/DEIMOS/DEEP B"}}, {"pk": 46, "model": "tao.bandpassfilter", "fields": {"order": 0, "filter_id": "DEEP/deep_I.dati", "group": "", "description": "<p>Keck/DEIMOS/DEEP, I band</p>\n", "label": "Keck/DEIMOS/DEEP I"}}, {"pk": 47, "model": "tao.bandpassfilter", "fields": {"order": 0, "filter_id": "DEEP/deep_R.dati", "group": "", "description": "<p>Keck/DEIMOS/DEEP, R band</p>\n", "label": "Keck/DEIMOS/DEEP R"}}, {"pk": 48, "model": "tao.bandpassfilter", "fields": {"order": 0, "filter_id": "LBC/LBCBLUE_USPEC_airm12.dati", "group": "", "description": "<p>Large Binocular Camera, USPEC</p>\n", "label": "LBC USPEC"}}, {"pk": 49, "model": "tao.bandpassfilter", "fields": {"order": 0, "filter_id": "MOSAIC/U_ctio_mosaic_tot.dati", "group": "", "description": "<p>Cerro Tololo Inter-American Observatory (CTIO) Mosaic II, U band</p>\n", "label": "Mosaic U"}}, {"pk": 50, "model": "tao.bandpassfilter", "fields": {"order": 0, "filter_id": "MUSYC/ecdfs.B.filt.dati", "group": "", "description": "<p>MUSYC survey, Extended Chandra Deep Field South, B band</p>\n", "label": "MUSYC/ECDFS B"}}, {"pk": 51, "model": "tao.bandpassfilter", "fields": {"order": 0, "filter_id": "MUSYC/ecdfs.H.filt.dati", "group": "", "description": "<p>MUSYC survey, Extended Chandra Deep Field South, H band</p>\n", "label": "MUSYC/ECDFS H"}}, {"pk": 52, "model": "tao.bandpassfilter", "fields": {"order": 0, "filter_id": "MUSYC/ecdfs.I.filt.dati", "group": "", "description": "<p>MUSYC survey, Extended Chandra Deep Field South, I band</p>\n", "label": "MUSYC/ECDFS I"}}, {"pk": 53, "model": "tao.bandpassfilter", "fields": {"order": 0, "filter_id": "MUSYC/ecdfs.J.filt.dati", "group": "", "description": "<p>MUSYC survey, Extended Chandra Deep Field South, J band</p>\n", "label": "MUSYC/ECDFS J"}}, {"pk": 54, "model": "tao.bandpassfilter", "fields": {"order": 0, "filter_id": "MUSYC/ecdfs.K.filt.dati", "group": "", "description": "<p>MUSYC survey, Extended Chandra Deep Field South, K band</p>\n", "label": "MUSYC/ECDFS K"}}, {"pk": 55, "model": "tao.bandpassfilter", "fields": {"order": 0, "filter_id": "MUSYC/ecdfs.R.filt.dati", "group": "", "description": "<p>MUSYC survey, Extended Chandra Deep Field South, R band</p>\n", "label": "MUSYC/ECDFS R"}}, {"pk": 56, "model": "tao.bandpassfilter", "fields": {"order": 0, "filter_id": "MUSYC/ecdfs.U.filt.dati", "group": "", "description": "<p>MUSYC survey, Extended Chandra Deep Field South, U band</p>\n", "label": "MUSYC/ECDFS U"}}, {"pk": 57, "model": "tao.bandpassfilter", "fields": {"order": 0, "filter_id": "MUSYC/ecdfs.V.filt.dati", "group": "", "description": "<p>MUSYC survey, Extended Chandra Deep Field South, V band</p>\n", "label": "MUSYC/ECDFS V"}}, {"pk": 58, "model": "tao.bandpassfilter", "fields": {"order": 0, "filter_id": "MUSYC/ecdfs.z.filt.dati", "group": "", "description": "<p>MUSYC survey, Extended Chandra Deep Field South, z band</p>\n", "label": "MUSYC/ECDFS z"}}, {"pk": 59, "model": "tao.bandpassfilter", "fields": {"order": 0, "filter_id": "NEWFIRM/newfirmH.dati", "group": "", "description": "<p>NOAO Extremely Wide-Field Infrared Imager (NEWFIRM), H band</p>\n", "label": "NEWFIRM H"}}, {"pk": 60, "model": "tao.bandpassfilter", "fields": {"order": 0, "filter_id": "NEWFIRM/newfirmJ.dati", "group": "", "description": "<p>NOAO Extremely Wide-Field Infrared Imager (NEWFIRM), J band</p>\n", "label": "NEWFIRM J"}}, {"pk": 61, "model": "tao.bandpassfilter", "fields": {"order": 0, "filter_id": "NEWFIRM/newfirmK.dati", "group": "", "description": "<p>NOAO Extremely Wide-Field Infrared Imager (NEWFIRM), K band</p>\n", "label": "NEWFIRM K"}}, {"pk": 62, "model": "tao.bandpassfilter", "fields": {"order": 0, "filter_id": "SCUBA/SCUBA_850.dati", "group": "", "description": "<p>SCUBA 850 micron</p>\n", "label": "SCUBA 850"}}, {"pk": 63, "model": "tao.bandpassfilter", "fields": {"order": 0, "filter_id": "SDSS/sdss_g.dati", "group": "", "description": "<p>Sloan Digital Sky Survey (SDSS) g</p>\n", "label": "SDSS g"}}, {"pk": 64, "model": "tao.bandpassfilter", "fields": {"order": 0, "filter_id": "SDSS/sdss_i.dati", "group": "", "description": "<p>Sloan Digital Sky Survey (SDSS) i</p>\n", "label": "SDSS i"}}, {"pk": 65, "model": "tao.bandpassfilter", "fields": {"order": 0, "filter_id": "SDSS/sdss_r.dati", "group": "", "description": "<p>Sloan Digital Sky Survey (SDSS) r</p>\n", "label": "SDSS r"}}, {"pk": 66, "model": "tao.bandpassfilter", "fields": {"order": 0, "filter_id": "SDSS/sdss_u.dati", "group": "", "description": "<p>Sloan Digital Sky Survey (SDSS) u</p>\n", "label": "SDSS u"}}, {"pk": 67, "model": "tao.bandpassfilter", "fields": {"order": 0, "filter_id": "SDSS/sdss_z.dati", "group": "", "description": "<p>Sloan Digital Sky Survey (SDSS) z</p>\n", "label": "SDSS z"}}, {"pk": 68, "model": "tao.bandpassfilter", "fields": {"order": 0, "filter_id": "SuprimeCAM/B_subaru.dati", "group": "", "description": "<p>Subaru/SuprimeCAM, B band</p>\n", "label": "Subaru/SuprimeCAM B"}}, {"pk": 69, "model": "tao.bandpassfilter", "fields": {"order": 0, "filter_id": "SuprimeCAM/i_subaru.dati", "group": "", "description": "<p>Subaru/SuprimeCAM, i' band</p>\n", "label": "Subaru/SuprimeCAM i'"}}, {"pk": 70, "model": "tao.bandpassfilter", "fields": {"order": 0, "filter_id": "SuprimeCAM/r_subaru.dati", "group": "", "description": "<p>Subaru/SuprimeCAM, R' band</p>\n", "label": "Subaru/SuprimeCAM R'"}}, {"pk": 71, "model": "tao.bandpassfilter", "fields": {"order": 0, "filter_id": "SuprimeCAM/V_subaru.dati", "group": "", "description": "<p>Subaru/SuprimeCAM, V band</p>\n", "label": "Subaru/SuprimeCAM V"}}, {"pk": 72, "model": "tao.bandpassfilter", "fields": {"order": 0, "filter_id": "SuprimeCAM/z_subaru.dati", "group": "", "description": "<p>Subaru/SuprimeCAM, z' band</p>\n", "label": "Subaru/SuprimeCAM z'"}}, {"pk": 73, "model": "tao.bandpassfilter", "fields": {"order": 0, "filter_id": "UKIRT/H_filter.dati", "group": "", "description": "<p>UKIRT Infrared Deep Sky Survey, H band</p>\n", "label": "UKIRT H"}}, {"pk": 74, "model": "tao.bandpassfilter", "fields": {"order": 0, "filter_id": "UKIRT/J_filter.dati", "group": "", "description": "<p>UKIRT Infrared Deep Sky Survey, J band</p>\n", "label": "UKIRT J"}}, {"pk": 75, "model": "tao.bandpassfilter", "fields": {"order": 0, "filter_id": "UKIRT/K_filter.dati", "group": "", "description": "<p>UKIRT Infrared Deep Sky Survey, K band</p>\n", "label": "UKIRT K"}}, {"pk": 76, "model": "tao.bandpassfilter", "fields": {"order": 0, "filter_id": "Hawk-I/HawkI_Hband.dati", "group": "", "description": "<p>VLT/Hawk-I, H band</p>\n", "label": "VLT/Hawk-I H"}}, {"pk": 77, "model": "tao.bandpassfilter", "fields": {"order": 0, "filter_id": "Hawk-I/HawkI_Jband.dati", "group": "", "description": "<p>VLT/Hawk-I, J band</p>\n", "label": "VLT/Hawk-I J"}}, {"pk": 78, "model": "tao.bandpassfilter", "fields": {"order": 0, "filter_id": "Hawk-I/HawkI_Kband.dati", "group": "", "description": "<p>VLT/Hawk-I, K band</p>\n", "label": "VLT/Hawk-I K"}}, {"pk": 79, "model": "tao.bandpassfilter", "fields": {"order": 0, "filter_id": "Hawk-I/HawkI_Yband.dati", "group": "", "description": "<p>VLT/Hawk-I, Y band</p>\n", "label": "VLT/Hawk-I Y"}}, {"pk": 80, "model": "tao.bandpassfilter", "fields": {"order": 0, "filter_id": "VIMOS/R_vimos_inband.dati", "group": "", "description": "<p>VLT/VIMOS, R band</p>\n", "label": "VLT/VIMOS R"}}, {"pk": 81, "model": "tao.bandpassfilter", "fields": {"order": 0, "filter_id": "VIMOS/U_vimos.dati", "group": "", "description": "<p>VLT/VIMOS, U band</p>\n", "label": "VLT/VIMOS U"}}, {"pk": 82, "model": "tao.bandpassfilter", "fields": {"order": 0, "filter_id": "VISTA/VISTA_Hband.dati", "group": "", "description": "<p>VLT/VISTA, H band</p>\n", "label": "VLT/VISTA H"}}, {"pk": 83, "model": "tao.bandpassfilter", "fields": {"order": 0, "filter_id": "VISTA/VISTA_Jband.dati", "group": "", "description": "<p>VLT/VISTA, J band</p>\n", "label": "VLT/VISTA J"}}, {"pk": 84, "model": "tao.bandpassfilter", "fields": {"order": 0, "filter_id": "VISTA/VISTA_Kband.dati", "group": "", "description": "<p>VLT/VISTA, K band</p>\n", "label": "VLT/VISTA K"}}, {"pk": 85, "model": "tao.bandpassfilter", "fields": {"order": 0, "filter_id": "VISTA/VISTA_Yband.dati", "group": "", "description": "<p>VLT/VISTA, Y band</p>\n", "label": "VLT/VISTA Y"}}, {"pk": 1, "model": "tao.dustmodel", "fields": {"details": "Paper: <a href=\"http://google.com.au\">Tonini et al. 2012</a>", "name": "Tonini et al. 2012", "label": "Tonini et al. 2012"}}, {"pk": "can_read_job", "model": "django_rules.rulepermission", "fields": {"view_param_pk": "id", "field_name": "can_read_job", "description": "", "content_type": 18}}, {"pk": 1, "model": "auth.permission", "fields": {"codename": "add_permission", "name": "Can add permission", "content_type": 1}}, {"pk": 2, "model": "auth.permission", "fields": {"codename": "change_permission", "name": "Can change permission", "content_type": 1}}, {"pk": 3, "model": "auth.permission", "fields": {"codename": "delete_permission", "name": "Can delete permission", "content_type": 1}}, {"pk": 4, "model": "auth.permission", "fields": {"codename": "add_group", "name": "Can add group", "content_type": 2}}, {"pk": 5, "model": "auth.permission", "fields": {"codename": "change_group", "name": "Can change group", "content_type": 2}}, {"pk": 6, "model": "auth.permission", "fields": {"codename": "delete_group", "name": "Can delete group", "content_type": 2}}, {"pk": 7, "model": "auth.permission", "fields": {"codename": "add_user", "name": "Can add user", "content_type": 3}}, {"pk": 8, "model": "auth.permission", "fields": {"codename": "change_user", "name": "Can change user", "content_type": 3}}, {"pk": 9, "model": "auth.permission", "fields": {"codename": "delete_user", "name": "Can delete user", "content_type": 3}}, {"pk": 10, "model": "auth.permission", "fields": {"codename": "add_contenttype", "name": "Can add content type", "content_type": 4}}, {"pk": 11, "model": "auth.permission", "fields": {"codename": "change_contenttype", "name": "Can change content type", "content_type": 4}}, {"pk": 12, "model": "auth.permission", "fields": {"codename": "delete_contenttype", "name": "Can delete content type", "content_type": 4}}, {"pk": 13, "model": "auth.permission", "fields": {"codename": "add_session", "name": "Can add session", "content_type": 5}}, {"pk": 14, "model": "auth.permission", "fields": {"codename": "change_session", "name": "Can change session", "content_type": 5}}, {"pk": 15, "model": "auth.permission", "fields": {"codename": "delete_session", "name": "Can delete session", "content_type": 5}}, {"pk": 16, "model": "auth.permission", "fields": {"codename": "add_site", "name": "Can add site", "content_type": 6}}, {"pk": 17, "model": "auth.permission", "fields": {"codename": "change_site", "name": "Can change site", "content_type": 6}}, {"pk": 18, "model": "auth.permission", "fields": {"codename": "delete_site", "name": "Can delete site", "content_type": 6}}, {"pk": 19, "model": "auth.permission", "fields": {"codename": "add_logentry", "name": "Can add log entry", "content_type": 7}}, {"pk": 20, "model": "auth.permission", "fields": {"codename": "change_logentry", "name": "Can change log entry", "content_type": 7}}, {"pk": 21, "model": "auth.permission", "fields": {"codename": "delete_logentry", "name": "Can delete log entry", "content_type": 7}}, {"pk": 22, "model": "auth.permission", "fields": {"codename": "add_migrationhistory", "name": "Can add migration history", "content_type": 8}}, {"pk": 23, "model": "auth.permission", "fields": {"codename": "change_migrationhistory", "name": "Can change migration history", "content_type": 8}}, {"pk": 24, "model": "auth.permission", "fields": {"codename": "delete_migrationhistory", "name": "Can delete migration history", "content_type": 8}}, {"pk": 25, "model": "auth.permission", "fields": {"codename": "add_rulepermission", "name": "Can add rule permission", "content_type": 9}}, {"pk": 26, "model": "auth.permission", "fields": {"codename": "change_rulepermission", "name": "Can change rule permission", "content_type": 9}}, {"pk": 27, "model": "auth.permission", "fields": {"codename": "delete_rulepermission", "name": "Can delete rule permission", "content_type": 9}}, {"pk": 28, "model": "auth.permission", "fields": {"codename": "add_userprofile", "name": "Can add user profile", "content_type": 10}}, {"pk": 29, "model": "auth.permission", "fields": {"codename": "change_userprofile", "name": "Can change user profile", "content_type": 10}}, {"pk": 30, "model": "auth.permission", "fields": {"codename": "delete_userprofile", "name": "Can delete user profile", "content_type": 10}}, {"pk": 31, "model": "auth.permission", "fields": {"codename": "add_globalparameter", "name": "Can add global parameter", "content_type": 11}}, {"pk": 32, "model": "auth.permission", "fields": {"codename": "change_globalparameter", "name": "Can change global parameter", "content_type": 11}}, {"pk": 33, "model": "auth.permission", "fields": {"codename": "delete_globalparameter", "name": "Can delete global parameter", "content_type": 11}}, {"pk": 34, "model": "auth.permission", "fields": {"codename": "add_simulation", "name": "Can add simulation", "content_type": 12}}, {"pk": 35, "model": "auth.permission", "fields": {"codename": "change_simulation", "name": "Can change simulation", "content_type": 12}}, {"pk": 36, "model": "auth.permission", "fields": {"codename": "delete_simulation", "name": "Can delete simulation", "content_type": 12}}, {"pk": 37, "model": "auth.permission", "fields": {"codename": "add_galaxymodel", "name": "Can add galaxy model", "content_type": 13}}, {"pk": 38, "model": "auth.permission", "fields": {"codename": "change_galaxymodel", "name": "Can change galaxy model", "content_type": 13}}, {"pk": 39, "model": "auth.permission", "fields": {"codename": "delete_galaxymodel", "name": "Can delete galaxy model", "content_type": 13}}, {"pk": 40, "model": "auth.permission", "fields": {"codename": "add_dataset", "name": "Can add data set", "content_type": 14}}, {"pk": 41, "model": "auth.permission", "fields": {"codename": "change_dataset", "name": "Can change data set", "content_type": 14}}, {"pk": 42, "model": "auth.permission", "fields": {"codename": "delete_dataset", "name": "Can delete data set", "content_type": 14}}, {"pk": 43, "model": "auth.permission", "fields": {"codename": "add_datasetproperty", "name": "Can add data set property", "content_type": 15}}, {"pk": 44, "model": "auth.permission", "fields": {"codename": "change_datasetproperty", "name": "Can change data set property", "content_type": 15}}, {"pk": 45, "model": "auth.permission", "fields": {"codename": "delete_datasetproperty", "name": "Can delete data set property", "content_type": 15}}, {"pk": 46, "model": "auth.permission", "fields": {"codename": "add_snapshot", "name": "Can add snapshot", "content_type": 16}}, {"pk": 47, "model": "auth.permission", "fields": {"codename": "change_snapshot", "name": "Can change snapshot", "content_type": 16}}, {"pk": 48, "model": "auth.permission", "fields": {"codename": "delete_snapshot", "name": "Can delete snapshot", "content_type": 16}}, {"pk": 49, "model": "auth.permission", "fields": {"codename": "add_stellarmodel", "name": "Can add stellar model", "content_type": 17}}, {"pk": 50, "model": "auth.permission", "fields": {"codename": "change_stellarmodel", "name": "Can change stellar model", "content_type": 17}}, {"pk": 51, "model": "auth.permission", "fields": {"codename": "delete_stellarmodel", "name": "Can delete stellar model", "content_type": 17}}, {"pk": 52, "model": "auth.permission", "fields": {"codename": "add_job", "name": "Can add job", "content_type": 18}}, {"pk": 53, "model": "auth.permission", "fields": {"codename": "change_job", "name": "Can change job", "content_type": 18}}, {"pk": 54, "model": "auth.permission", "fields": {"codename": "delete_job", "name": "Can delete job", "content_type": 18}}, {"pk": 55, "model": "auth.permission", "fields": {"codename": "add_bandpassfilter", "name": "Can add band pass filter", "content_type": 19}}, {"pk": 56, "model": "auth.permission", "fields": {"codename": "change_bandpassfilter", "name": "Can change band pass filter", "content_type": 19}}, {"pk": 57, "model": "auth.permission", "fields": {"codename": "delete_bandpassfilter", "name": "Can delete band pass filter", "content_type": 19}}, {"pk": 58, "model": "auth.permission", "fields": {"codename": "add_dustmodel", "name": "Can add dust model", "content_type": 20}}, {"pk": 59, "model": "auth.permission", "fields": {"codename": "change_dustmodel", "name": "Can change dust model", "content_type": 20}}, {"pk": 60, "model": "auth.permission", "fields": {"codename": "delete_dustmodel", "name": "Can delete dust model", "content_type": 20}}, {"pk": 1, "model": "auth.user", "fields": {"username": "test", "first_name": "", "last_name": "", "is_active": true, "is_superuser": true, "is_staff": true, "last_login": "2013-06-18T01:00:50Z", "groups": [], "user_permissions": [], "password": "pbkdf2_sha256$10000$01GF4YwvmGBl$ZLmmzzxOOqjqtHL7kiUFja/6M0mDUmExugcnvZUHXSM=", "email": "test@test.org", "date_joined": "2013-06-18T01:00:50Z"}}]